metric	Training	Validation	Test
AUC	0.8971143953165384	0.7002683217890796	0.6882860900211732
Accuracy	0.8120533587422583	0.6942741619929568	0.6931002999869571
Precision	0.8135914211786346	0.5400811130845727	0.538846353952737
Recall	0.8120533587422583	0.6556645001423265	0.6532053619971354
F1	0.8118226217567215	0.501867748421849	0.49955842127944233
