metric	Training	Validation	Test
AUC	0.8971143953165384	0.7108873018074239	0.6924763073755849
Accuracy	0.7486898523106241	0.6328420503456371	0.6271031694274162
Precision	0.7499156058858736	0.5366920858709228	0.5333692908825844
Recall	0.7486898523106241	0.6558749486043496	0.6442619632556816
F1	0.748381325669634	0.4721787526037241	0.4659133966482339
