metric,Training,Validation,Test
AUC,0.8918358999873122,0.6960879394784284,0.6931216563886002
Accuracy,0.8077656026679371,0.7114908047476197,0.7022303378113995
Precision,0.8117399357003076,0.5386836922222868,0.5359172971217571
Recall,0.8077656026679372,0.6442741291934593,0.6382123755199973
F1,0.8071509506299726,0.507121874211687,0.4999998714561643
